{"stats":{"minecraft:picked_up":{"minecraft:sugar_cane":2,"minecraft:wheat_seeds":1,"minecraft:dirt":2},"minecraft:mined":{"minecraft:grass":2,"minecraft:grass_block":2,"minecraft:sugar_cane":1},"minecraft:custom":{"minecraft:jump":99,"minecraft:time_since_rest":3660,"minecraft:damage_dealt":45,"minecraft:sprint_one_cm":10728,"minecraft:play_time":3660,"minecraft:walk_on_water_one_cm":352,"minecraft:time_since_death":3660,"minecraft:walk_one_cm":1362,"minecraft:total_world_time":3660,"minecraft:fall_one_cm":3402,"minecraft:fly_one_cm":27506}},"DataVersion":2730}