{"stats":{"minecraft:crafted":{"minecraft:oak_planks":16,"minecraft:charcoal":2,"minecraft:crafting_table":1,"minecraft:stick":8,"minecraft:wooden_pickaxe":1,"minecraft:stone_pickaxe":1,"minecraft:stone_sword":1,"minecraft:furnace":1,"minecraft:stone_axe":1,"minecraft:air":0},"minecraft:mined":{"minecraft:pumpkin":8,"minecraft:crafting_table":2,"minecraft:grass":5,"minecraft:grass_block":5,"minecraft:oak_log":15,"minecraft:poppy":1,"minecraft:dirt":12,"minecraft:tall_grass":3,"minecraft:stone":41,"minecraft:sugar_cane":1,"minecraft:oak_leaves":4},"minecraft:killed":{"minecraft:pig":3},"minecraft:picked_up":{"minecraft:stick":2,"minecraft:crafting_table":2,"minecraft:pumpkin":7,"minecraft:porkchop":9,"minecraft:oak_log":15,"minecraft:dirt":17,"minecraft:wheat_seeds":1,"minecraft:poppy":1,"minecraft:sugar_cane":2,"minecraft:cobblestone":41},"minecraft:custom":{"minecraft:time_since_rest":11723,"minecraft:interact_with_furnace":4,"minecraft:sprint_one_cm":28736,"minecraft:walk_one_cm":19182,"minecraft:mob_kills":3,"minecraft:damage_dealt":380,"minecraft:interact_with_crafting_table":4,"minecraft:swim_one_cm":1775,"minecraft:fly_one_cm":65951,"minecraft:play_time":11723,"minecraft:walk_under_water_one_cm":426,"minecraft:jump":276,"minecraft:leave_game":1,"minecraft:walk_on_water_one_cm":559,"minecraft:time_since_death":11723,"minecraft:total_world_time":11723,"minecraft:fall_one_cm":6711},"minecraft:used":{"minecraft:stone_sword":11,"minecraft:stone_pickaxe":32,"minecraft:wooden_pickaxe":10,"minecraft:stone_axe":23,"minecraft:crafting_table":3,"minecraft:furnace":1}},"DataVersion":2730}